Police_Station,SUM(Accused),SUM(Ganja)
E.PUDUR,23,8.459999999999999
Woraiyur,9,4.000000000000001
PEW,7,2.467
S.COURT,1,0.71
FORT,13,3.000000000000001
Palakkarai,14,5.049999999999999
Srirangam,4,0.21000000000000002
G.Market,9,3
A.MANGALAM,3,1.1
"K.K. NAGAR",1,0.01
T.NAGER,1,0.05
Airport,1,0.15
