Month_,SUM(Accused),SUM(Ganja)
January,8,2.4199999999999995
February,3,0.9199999999999999
MARCH,12,7.910000000000001
APRIL,24,4.409999999999999
MAY,39,12.547
